protocol,name,country,server,original_server,port,network,status,delay_ms,rank_score,responsive_score,min_delay_ms,avg_delay_ms,max_delay_ms,jitter_ms,success_rate,strict_success_rounds,strict_test_rounds,strict_required_rounds,fingerprint,reason,raw
vless,CH NetliVPN 8519,CH,104.17.3.81,www.speedtest.net,443,ws,alive,18,21,21,18,20,23,5,1.0,2,2,1,5f72a14d668d3a7f06d6f9b7,strict URL delay ok 2/2; required=1; min=18ms; avg=20ms; jitter=5ms; success_rate=1.0,vless://e1a9891c-a70a-4021-b078-a59e00000000@www.speedtest.net:443?encryption=none&security=tls&sni=netlivpn5639.dhslaph2727.workers.dev&fp=chrome&type=ws&host=netlivpn5639.dhslaph2727.workers.dev&path=/NetliVPN-NetliVPN-NetliVPN-NetliVPN-NetliVPN-NetliVPN-NetliVPN-NetliVPN-NetliVPN-NetliVPN-NetliVPN-NetliVPN-NetliVPN-NetliVPN-NetliVPN-NetliVPN-NetliVPN-NetliVPN-NetliVPN-NetliVPN-NetliVPN-NetliVPN-NetliVPN-NetliVPN-NetliVPN-NetliVPN-NetliVPN-NetliVPN-NetliVPN-NetliVPN-NetliVPN-NetliVPN-NetliVPN-NetliVPN-NetliVPN-NetliVPN-NetliVPN-NetliVPN-NetliVPN-NetliVPN-NetliVPN-NetliVPN-NetliVPN-NetliVPN-NetliVPN-NetliVPN-NetliVPN-NetliVPN-NetliVPN-NetliVPN&allowInsecure=0#[🇨🇭]@NetliVPN
vless,US NetliVPN 5750,US,104.17.3.81,www.speedtest.net,443,ws,alive,15,25,25,15,21,28,13,1.0,2,2,1,e45e275d3f84e8e634b1aa11,strict URL delay ok 2/2; required=1; min=15ms; avg=21ms; jitter=13ms; success_rate=1.0,vless://f4a75a6b-da0d-4b96-bb2a-a68800000000@www.speedtest.net:443?encryption=none&security=tls&sni=netlivpn5639.dhslaph2727.workers.dev&fp=chrome&type=ws&host=netlivpn5639.dhslaph2727.workers.dev&path=/NetliVPN-NetliVPN-NetliVPN-NetliVPN-NetliVPN-NetliVPN-NetliVPN-NetliVPN-NetliVPN-NetliVPN-NetliVPN-NetliVPN-NetliVPN-NetliVPN-NetliVPN-NetliVPN-NetliVPN-NetliVPN-NetliVPN-NetliVPN-NetliVPN-NetliVPN-NetliVPN-NetliVPN-NetliVPN-NetliVPN-NetliVPN-NetliVPN-NetliVPN-NetliVPN-NetliVPN-NetliVPN-NetliVPN-NetliVPN-NetliVPN-NetliVPN-NetliVPN-NetliVPN-NetliVPN-NetliVPN-NetliVPN-NetliVPN-NetliVPN-NetliVPN-NetliVPN-NetliVPN-NetliVPN-NetliVPN-NetliVPN-NetliVPN&allowInsecure=0#[🇺🇸]@NetliVPN
vless,US 110372 Telegram t.me SOSkeyNET,US,104.17.3.81,blog.webex.com,443,ws,alive,27,27,27,27,27,27,0,1.0,2,2,1,af21c530ee502aa50fdaf65e,strict URL delay ok 2/2; required=1; min=27ms; avg=27ms; jitter=-ms; success_rate=1.0,vless://bc6e7cf0-9526-4fea-b2e3-5bcf992c565e@blog.webex.com:443?encryption=none&fp=chrome&host=blog.webex.com.yxls.eu.cc&path=/my-kc&security=tls&sni=blog.webex.com.yxls.eu.cc&type=ws#🇺🇸110372 | ⚡️Telegram = t.me/SOSkeyNET
trojan,37 oneclickvpnkeys,BW,104.17.3.81,89.116.250.135,443,ws,alive,28,28,28,28,28,29,1,1.0,2,2,1,fd5311fd5ae0c2d0951d347c,strict URL delay ok 2/2; required=1; min=28ms; avg=28ms; jitter=1ms; success_rate=1.0,trojan://MiTiVPN@89.116.250.135:443?host=bw--ivb-b--vvbcs.MaQror.IR&path=/---@MiTiVPN/---@MiTiVPN/---@MiTiVPN/---@MiTiVPN/---@MiTiVPN=SW-22&sni=Swdb-ueu-oe.MaQror.IR&type=ws#🎡37@oneclickvpnkeys
vless,oneclickvpnkeys US 4298,US,104.17.3.81,104.18.42.98,443,ws,alive,27,29,29,27,28,30,3,1.0,2,2,1,7a7d5fd6c24560a613bd90d7,strict URL delay ok 2/2; required=1; min=27ms; avg=28ms; jitter=3ms; success_rate=1.0,vless://eeb6823c-b926-4ea2-866a-5542edd26e59@104.18.42.98:443?allowInsecure=1&encryption=none&host=t1s1.rittbo.kdns.fr&path=%2F&security=tls&sni=t1s1.rittbo.kdns.fr&type=ws#%3E%3E%40oneclickvpnkeys%3A%3AUS
vless,EPODONIOS 8602,WS,104.17.3.81,cf6.466688.xyz,443,ws,alive,29,29,29,29,29,29,0,1.0,2,2,1,fb986b3710a7a34570cd17ee,strict URL delay ok 2/2; required=1; min=29ms; avg=29ms; jitter=-ms; success_rate=1.0,vless://b08562b0-dbc0-47d1-860d-9435133b25c9@cf6.466688.xyz:443?sni=cfoo-146.pages.dev&type=ws&host=cfoo-146.pages.dev&path=/QiangLieTuiJian?ed=2560fp=chrome&security=tls#EPODONIOS
vless,oneclickvpnkeys US 4691,US,104.17.3.81,172.64.147.79,443,ws,alive,29,29,29,29,29,30,1,1.0,2,2,1,eb5d2d39be82ee3b31f829bb,strict URL delay ok 2/2; required=1; min=29ms; avg=29ms; jitter=1ms; success_rate=1.0,vless://b08562b0-dbc0-47d1-860d-9435133b25c9@172.64.147.79:443?encryption=none&fp=chrome&host=cfoo-146.pages.dev&path=%2FQiangLieTuiJian%3Fed&security=tls&sni=cfoo-146.pages.dev&type=ws#%3E%3E%40oneclickvpnkeys%3A%3AUS
vless,VLESS,WS,104.17.3.81,104.16.72.50,443,ws,alive,28,30,30,28,29,31,3,1.0,2,2,1,2caf74252605f099ac629806,strict URL delay ok 2/2; required=1; min=28ms; avg=29ms; jitter=3ms; success_rate=1.0,vless://eeb6823c-b926-4ea2-866a-5542edd26e59@104.16.72.50:443?encryption=none&type=ws&security=tls&path=%2Ffp&host=t1s1.rittbo.kdns.fr&sni=t1s1.rittbo.kdns.fr&insecure=0&allowInsecure=0#
vless,oneclickvpnkeys US 1313,US,104.17.3.81,104.17.180.39,443,ws,alive,27,30,30,27,29,31,4,1.0,2,2,1,39ee5069f5f7393a51b8c247,strict URL delay ok 2/2; required=1; min=27ms; avg=29ms; jitter=4ms; success_rate=1.0,vless://eeb6823c-b926-4ea2-866a-5542edd26e59@104.17.180.39:443?encryption=none&host=t1s1.rittbo.kdns.fr&path=%2F%40NebulaVPNx&security=tls&sni=t1s1.rittbo.kdns.fr&type=ws#%3E%3E%40oneclickvpnkeys%3A%3AUS
trojan,vistav2ray 8647,DE,104.17.3.81,162.159.38.119,443,ws,alive,29,31,31,29,30,32,3,1.0,2,2,1,dd03f2d3930b50d4a868b743,strict URL delay ok 2/2; required=1; min=29ms; avg=30ms; jitter=3ms; success_rate=1.0,trojan://MITIVPN@162.159.38.119:443?path=/---@MiTiVPN/---@MiTiVPN/---@MiTiVPN/---@MiTiVPN/---@MiTiVPN=WINde&security=tls&alpn=http/1.1&host=bvck-oizksj-sWin-De-C-o.Maqror.ir&fp=chrome&type=ws&sni=Win-De-C-o.Maqror.ir#✅  @vistav2ray  👈👈کانال ما ✅
vless,GB 110184 Telegram t.me SOSkeyNET,CN,104.17.3.81,164.38.155.13,443,ws,alive,30,31,31,30,31,32,2,1.0,2,2,1,94f230fc833d0f5b9c85ddac,strict URL delay ok 2/2; required=1; min=30ms; avg=31ms; jitter=2ms; success_rate=1.0,vless://4feb7818-dc02-46cd-b985-abf3fdd0cdc5@164.38.155.13:443?allowInsecure=1&encryption=none&host=edge-4cb23bf6.pages.dev&path=/Telegram🇨🇳+@WangCai2&security=tls&sni=edge-4cb23bf6.pages.dev&type=ws#🇬🇧110184 | ⚡️Telegram = t.me/SOSkeyNET
vless,oneclickvpnkeys US 3882,US,104.17.3.81,104.16.72.50,443,ws,alive,29,32,32,29,31,33,4,1.0,2,2,1,e7465252a9ee97e40b332e45,strict URL delay ok 2/2; required=1; min=29ms; avg=31ms; jitter=4ms; success_rate=1.0,vless://7968c546-02dc-4f8c-b791-934591a94cb2@104.16.72.50:443/?type=ws&encryption=none&flow=&host=hhvl.hhapp.kdns.fr&path=%2Fcbasur&security=tls&sni=hhvl.hhapp.kdns.fr#%3E%3E%40oneclickvpnkeys%3A%3AUS
vless,oneclickvpnkeys US 7019,US,104.17.3.81,162.159.18.122,443,ws,alive,31,32,32,31,32,33,2,1.0,2,2,1,4f7085338a34c7851c8f8895,strict URL delay ok 2/2; required=1; min=31ms; avg=32ms; jitter=2ms; success_rate=1.0,vless://4a1441b0-7bc8-4906-85cf-6b59c256b480@162.159.18.122:443?encryption=none&fp=chrome&host=edt2.yfqh08811.ccwu.cc&path=%2Ffp%3Dchrome&security=tls&sni=edt2.yfqh08811.ccwu.cc&type=ws#%3E%3E%40oneclickvpnkeys%3A%3AUS
vless,oneclickvpnkeys SG,SG,104.17.3.81,45.127.35.143,443,ws,alive,25,36,36,25,32,39,14,1.0,2,2,1,28a50f002872cd702a395ed6,strict URL delay ok 2/2; required=1; min=25ms; avg=32ms; jitter=14ms; success_rate=1.0,vless://e258977b-e413-4718-a3af-02d75492c349@45.127.35.143:443?alpn=http%2F1.1&ed=2095&eh=Sec-WebSocket-Protocol&encryption=none&fp=chrome&host=ww1.aniuge.qzz.io&path=%2F&security=tls&sni=ww1.aniuge.qzz.io&type=ws#%3E%3E%40oneclickvpnkeys%3A%3ASG
vless,configV2rayNG US 8783,US,104.17.3.81,162.159.38.119,443,ws,alive,32,38,38,32,36,40,8,1.0,2,2,1,883945fc872ae7a4d1d8d2ba,strict URL delay ok 2/2; required=1; min=32ms; avg=36ms; jitter=8ms; success_rate=1.0,vless://eeb6823c-b926-4ea2-866a-5542edd26e59@162.159.38.119:443?path=%2F%3FTELEGRAM-MARAMBASHI_MARAMBASHI_MARAMBASHI_MARAMBASHI_MARAMBASHI%3Fed%3D512&security=tls&encryption=none&insecure=0&host=t1s1.rittbo.kdns.fr&fp=chrome&type=ws&allowInsecure=0&sni=t1s1.rittbo.kdns.fr#%3E%3E%40configV2rayNG%3A%3AUS
